scale,w_tip_m
0.97371,0.391287
0.97466,0.39090600000000003
1.0,0.381
1.002,0.380238
