scale,theta_tip_deg
0.97371,2.38
0.97466,2.4525
1.0,2.5
1.002,2.56
