scale,w_tip_m,theta_tip_deg
0.97371,0.391287,2.38
0.97466,0.39090600000000003,2.4525
1.0,0.381,2.5
1.002,0.380238,2.56
